-- phpMyAdmin SQL Dump
-- version 5.2.1
-- https://www.phpmyadmin.net/
--
-- Host: 127.0.0.1
-- Generation Time: Jun 26, 2023 at 10:50 PM
-- Server version: 10.4.28-MariaDB
-- PHP Version: 8.2.4
CREATE DATABASE faquiz;
USE faquiz;
SET SQL_MODE = "NO_AUTO_VALUE_ON_ZERO";
START TRANSACTION;
SET time_zone = "+00:00";


/*!40101 SET @OLD_CHARACTER_SET_CLIENT=@@CHARACTER_SET_CLIENT */;
/*!40101 SET @OLD_CHARACTER_SET_RESULTS=@@CHARACTER_SET_RESULTS */;
/*!40101 SET @OLD_COLLATION_CONNECTION=@@COLLATION_CONNECTION */;
/*!40101 SET NAMES utf8mb4 */;

--
-- Database: `faquiz`
--

-- --------------------------------------------------------

--
-- Table structure for table `categoria`
--

CREATE TABLE `categoria` (
                             `id_categoria` int(11) NOT NULL,
                             `descripcion` varchar(255) DEFAULT NULL
) ENGINE=InnoDB DEFAULT CHARSET=utf8mb4 COLLATE=utf8mb4_general_ci;

--
-- Dumping data for table `categoria`
--

INSERT INTO `categoria` (`id_categoria`, `descripcion`) VALUES
                                                            (1, 'Historia'),
                                                            (2, 'Geografia'),
                                                            (3, 'Ciencia'),
                                                            (4, 'Arte'),
                                                            (5, 'Deportes'),
                                                            (6, 'Entretenimiento');

-- --------------------------------------------------------

--
-- Table structure for table `estadistica`
--

CREATE TABLE `estadistica` (
                               `id_estadistica` int(11) NOT NULL,
                               `id_pregunta` int(11) NOT NULL,
                               `respuesta` enum('0','1') NOT NULL,
                               `id_usuario` int(11) NOT NULL
) ENGINE=InnoDB DEFAULT CHARSET=utf8mb4 COLLATE=utf8mb4_general_ci;

--
-- Dumping data for table `estadistica`
--

INSERT INTO `estadistica` (`id_estadistica`, `id_pregunta`, `respuesta`, `id_usuario`) VALUES
                                                                                           (1, 86, '1', 2),
                                                                                           (2, 103, '1', 2),
                                                                                           (3, 23, '0', 2),
                                                                                           (4, 24, '1', 2),
                                                                                           (5, 15, '0', 2),
                                                                                           (6, 32, '1', 2),
                                                                                           (7, 25, '1', 2),
                                                                                           (8, 80, '0', 2),
                                                                                           (9, 3, '1', 1),
                                                                                           (10, 69, '1', 1),
                                                                                           (11, 35, '1', 1),
                                                                                           (12, 46, '1', 1),
                                                                                           (13, 52, '1', 1),
                                                                                           (14, 38, '0', 1),
                                                                                           (15, 13, '1', 1),
                                                                                           (16, 54, '1', 1),
                                                                                           (17, 96, '1', 1),
                                                                                           (18, 68, '1', 1),
                                                                                           (19, 22, '0', 1),
                                                                                           (20, 42, '0', 1),
                                                                                           (21, 37, '0', 1),
                                                                                           (22, 98, '1', 1),
                                                                                           (23, 50, '1', 1),
                                                                                           (24, 71, '1', 1),
                                                                                           (25, 47, '1', 1),
                                                                                           (26, 90, '1', 1),
                                                                                           (27, 6, '1', 1),
                                                                                           (28, 69, '1', 1),
                                                                                           (29, 13, '1', 1),
                                                                                           (30, 100, '1', 1),
                                                                                           (31, 28, '1', 1),
                                                                                           (32, 21, '0', 1),
                                                                                           (33, 73, '1', 2),
                                                                                           (34, 15, '1', 2),
                                                                                           (35, 106, '1', 2),
                                                                                           (36, 51, '1', 2),
                                                                                           (37, 16, '1', 2),
                                                                                           (38, 21, '1', 2),
                                                                                           (39, 16, '1', 2),
                                                                                           (40, 63, '1', 2),
                                                                                           (41, 70, '1', 2),
                                                                                           (42, 96, '1', 2),
                                                                                           (43, 88, '1', 2),
                                                                                           (44, 78, '0', 2),
                                                                                           (45, 30, '0', 3),
                                                                                           (46, 30, '0', 3),
                                                                                           (47, 68, '0', 3),
                                                                                           (48, 96, '1', 3),
                                                                                           (49, 69, '0', 3),
                                                                                           (50, 69, '1', 3),
                                                                                           (51, 18, '0', 3),
                                                                                           (52, 50, '1', 3),
                                                                                           (53, 50, '1', 3),
                                                                                           (54, 79, '1', 3),
                                                                                           (55, 50, '1', 3),
                                                                                           (56, 9, '1', 3),
                                                                                           (57, 17, '1', 3),
                                                                                           (58, 84, '1', 3),
                                                                                           (59, 2, '1', 3),
                                                                                           (60, 22, '1', 3),
                                                                                           (61, 28, '0', 3),
                                                                                           (62, 101, '1', 3),
                                                                                           (63, 74, '1', 3),
                                                                                           (64, 28, '1', 3),
                                                                                           (65, 92, '1', 3),
                                                                                           (66, 57, '1', 3),
                                                                                           (67, 105, '1', 3),
                                                                                           (68, 94, '1', 3),
                                                                                           (69, 64, '1', 3),
                                                                                           (70, 5, '1', 3),
                                                                                           (71, 39, '1', 3),
                                                                                           (72, 29, '0', 3),
                                                                                           (73, 1, '1', 4),
                                                                                           (74, 103, '1', 4),
                                                                                           (75, 36, '1', 4),
                                                                                           (76, 107, '1', 4),
                                                                                           (77, 87, '1', 4),
                                                                                           (78, 12, '0', 4),
                                                                                           (79, 61, '1', 4),
                                                                                           (80, 47, '1', 4),
                                                                                           (81, 52, '1', 4),
                                                                                           (82, 17, '1', 4),
                                                                                           (83, 98, '1', 4),
                                                                                           (84, 100, '1', 4),
                                                                                           (85, 29, '1', 4),
                                                                                           (86, 54, '1', 4),
                                                                                           (87, 62, '1', 4),
                                                                                           (88, 31, '1', 4),
                                                                                           (89, 88, '1', 4),
                                                                                           (90, 9, '1', 4),
                                                                                           (91, 12, '1', 4),
                                                                                           (92, 40, '0', 4),
                                                                                           (93, 41, '1', 4),
                                                                                           (94, 7, '1', 4),
                                                                                           (95, 89, '1', 4),
                                                                                           (96, 95, '1', 4),
                                                                                           (97, 56, '1', 4),
                                                                                           (98, 28, '1', 4),
                                                                                           (99, 64, '1', 4),
                                                                                           (100, 27, '0', 4),
                                                                                           (101, 96, '1', 4),
                                                                                           (102, 101, '1', 4),
                                                                                           (103, 69, '1', 4),
                                                                                           (104, 70, '1', 4),
                                                                                           (105, 53, '1', 4),
                                                                                           (106, 42, '0', 4),
                                                                                           (107, 51, '1', 4),
                                                                                           (108, 94, '1', 4),
                                                                                           (109, 80, '1', 4),
                                                                                           (110, 81, '0', 4),
                                                                                           (111, 3, '1', 4),
                                                                                           (112, 92, '1', 4),
                                                                                           (113, 86, '1', 4),
                                                                                           (114, 76, '1', 4),
                                                                                           (115, 106, '0', 4),
                                                                                           (116, 19, '1', 4),
                                                                                           (117, 50, '0', 4),
                                                                                           (118, 50, '0', 4),
                                                                                           (119, 104, '1', 4),
                                                                                           (120, 16, '1', 4),
                                                                                           (121, 79, '1', 4),
                                                                                           (122, 11, '1', 4),
                                                                                           (123, 58, '1', 4),
                                                                                           (124, 110, '0', 4),
                                                                                           (125, 49, '1', 4),
                                                                                           (126, 18, '1', 4),
                                                                                           (127, 90, '0', 4),
                                                                                           (128, 105, '0', 4),
                                                                                           (129, 85, '0', 4),
                                                                                           (130, 35, '0', 4),
                                                                                           (131, 85, '0', 4),
                                                                                           (132, 99, '0', 4),
                                                                                           (133, 93, '0', 4),
                                                                                           (134, 33, '0', 4),
                                                                                           (135, 63, '0', 4),
                                                                                           (136, 44, '0', 4),
                                                                                           (137, 109, '0', 4),
                                                                                           (138, 44, '0', 4),
                                                                                           (139, 93, '0', 4),
                                                                                           (141, 73, '0', 4),
                                                                                           (142, 20, '0', 4),
                                                                                           (143, 97, '0', 4),
                                                                                           (144, 8, '1', 4),
                                                                                           (145, 110, '0', 4),
                                                                                           (146, 81, '0', 4),
                                                                                           (147, 43, '0', 4),
                                                                                           (148, 38, '0', 4),
                                                                                           (149, 20, '0', 4),
                                                                                           (150, 82, '0', 4),
                                                                                           (151, 57, '0', 4),
                                                                                           (152, 93, '0', 4),
                                                                                           (153, 26, '0', 4),
                                                                                           (154, 21, '0', 4),
                                                                                           (155, 83, '0', 4),
                                                                                           (156, 50, '0', 4),
                                                                                           (157, 40, '0', 4),
                                                                                           (158, 106, '0', 4),
                                                                                           (159, 68, '0', 4),
                                                                                           (160, 84, '0', 4),
                                                                                           (161, 5, '0', 4),
                                                                                           (162, 110, '0', 4),
                                                                                           (163, 25, '0', 4),
                                                                                           (164, 39, '0', 4),
                                                                                           (165, 37, '1', 4),
                                                                                           (166, 35, '0', 4),
                                                                                           (167, 90, '0', 4),
                                                                                           (168, 13, '0', 4),
                                                                                           (169, 15, '0', 4),
                                                                                           (170, 50, '0', 4),
                                                                                           (171, 42, '0', 4),
                                                                                           (172, 84, '0', 4),
                                                                                           (173, 55, '0', 4),
                                                                                           (174, 5, '0', 4),
                                                                                           (175, 39, '0', 4),
                                                                                           (176, 6, '0', 4),
                                                                                           (177, 5, '0', 4),
                                                                                           (178, 57, '1', 4),
                                                                                           (179, 102, '0', 4),
                                                                                           (180, 25, '0', 4),
                                                                                           (181, 46, '0', 4),
                                                                                           (182, 44, '0', 4),
                                                                                           (183, 73, '0', 4),
                                                                                           (184, 68, '0', 4),
                                                                                           (185, 24, '0', 4),
                                                                                           (186, 81, '0', 4),
                                                                                           (187, 50, '0', 4),
                                                                                           (188, 43, '0', 4),
                                                                                           (189, 59, '0', 4),
                                                                                           (190, 46, '0', 4),
                                                                                           (191, 90, '0', 4),
                                                                                           (192, 105, '0', 4),
                                                                                           (193, 63, '0', 4),
                                                                                           (194, 42, '0', 4),
                                                                                           (195, 43, '0', 4),
                                                                                           (196, 33, '0', 4),
                                                                                           (197, 32, '0', 4),
                                                                                           (198, 25, '0', 4),
                                                                                           (199, 83, '0', 4),
                                                                                           (200, 71, '0', 4),
                                                                                           (201, 85, '0', 4),
                                                                                           (202, 108, '0', 4),
                                                                                           (203, 39, '0', 4),
                                                                                           (204, 68, '0', 4),
                                                                                           (205, 44, '0', 4),
                                                                                           (206, 23, '0', 4),
                                                                                           (207, 99, '0', 4),
                                                                                           (208, 24, '0', 4),
                                                                                           (209, 106, '0', 4),
                                                                                           (210, 79, '0', 5),
                                                                                           (211, 62, '0', 5),
                                                                                           (212, 38, '0', 5),
                                                                                           (213, 12, '0', 5);

-- --------------------------------------------------------

--
-- Table structure for table `estado`
--

CREATE TABLE `estado` (
                          `id_estado` int(11) NOT NULL,
                          `descripcion` varchar(255) NOT NULL
) ENGINE=InnoDB DEFAULT CHARSET=utf8mb4 COLLATE=utf8mb4_general_ci;

--
-- Dumping data for table `estado`
--

INSERT INTO `estado` (`id_estado`, `descripcion`) VALUES
                                                      (1, 'PENDIENTE'),
                                                      (2, 'APROBADO'),
                                                      (3, 'RECHAZADO');

-- --------------------------------------------------------

--
-- Table structure for table `motivo`
--

CREATE TABLE `motivo` (
                          `id_motivo` int(11) NOT NULL,
                          `descripcion` varchar(255) NOT NULL
) ENGINE=InnoDB DEFAULT CHARSET=utf8mb4 COLLATE=utf8mb4_general_ci;

--
-- Dumping data for table `motivo`
--

INSERT INTO `motivo` (`id_motivo`, `descripcion`) VALUES
                                                      (1, 'RESPUESTA INCORRECTA'),
                                                      (2, 'POCO CLARO'),
                                                      (3, 'OFENSIVA'),
                                                      (4, 'OTRO');

-- --------------------------------------------------------

--
-- Table structure for table `partida`
--

CREATE TABLE `partida` (
                           `id_partida` int(11) NOT NULL,
                           `fecha` datetime NOT NULL DEFAULT current_timestamp(),
                           `id_usuario` int(11) NOT NULL,
                           `puntaje` int(11) NOT NULL
) ENGINE=InnoDB DEFAULT CHARSET=utf8mb4 COLLATE=utf8mb4_general_ci;

--
-- Dumping data for table `partida`
--

INSERT INTO `partida` (`id_partida`, `fecha`, `id_usuario`, `puntaje`) VALUES
                                                                           (1, '2023-06-21 19:56:52', 2, 2),
                                                                           (2, '2023-06-21 19:58:36', 2, 0),
                                                                           (3, '2023-06-21 20:00:49', 2, 0),
                                                                           (4, '2023-06-21 20:01:04', 2, 0),
                                                                           (5, '2023-06-21 20:11:34', 2, 0),
                                                                           (6, '2023-06-21 20:12:43', 2, 0),
                                                                           (7, '2023-06-21 21:13:10', 2, 1),
                                                                           (8, '2023-06-21 21:14:09', 2, 0),
                                                                           (9, '2023-06-21 21:14:48', 2, 0),
                                                                           (10, '2023-06-21 21:15:13', 2, 0),
                                                                           (11, '2023-06-21 21:15:35', 2, 0),
                                                                           (12, '2023-06-21 21:16:10', 2, 0),
                                                                           (13, '2023-06-21 21:16:31', 2, 0),
                                                                           (14, '2023-06-21 21:16:44', 2, 0),
                                                                           (15, '2023-06-21 21:20:15', 2, 0),
                                                                           (16, '2023-06-21 21:20:34', 2, 0),
                                                                           (17, '2023-06-21 21:20:52', 2, 0),
                                                                           (18, '2023-06-21 21:23:53', 2, 0),
                                                                           (19, '2023-06-21 21:24:07', 2, 0),
                                                                           (20, '2023-06-21 21:26:01', 2, 0),
                                                                           (21, '2023-06-21 21:26:51', 2, 0),
                                                                           (22, '2023-06-21 21:27:30', 2, 0),
                                                                           (23, '2023-06-21 21:34:12', 2, 0),
                                                                           (24, '2023-06-21 21:35:49', 2, 2),
                                                                           (25, '2023-06-21 21:37:31', 1, 5),
                                                                           (26, '2023-06-21 21:38:27', 1, 4),
                                                                           (27, '2023-06-21 21:38:33', 1, 0),
                                                                           (28, '2023-06-21 21:38:38', 1, 0),
                                                                           (29, '2023-06-21 21:39:10', 1, 10),
                                                                           (30, '2023-06-22 00:49:44', 2, 11),
                                                                           (31, '2023-06-22 18:06:37', 3, 0),
                                                                           (32, '2023-06-22 18:06:37', 3, 0),
                                                                           (33, '2023-06-22 18:06:48', 3, 0),
                                                                           (34, '2023-06-22 18:08:33', 3, 1),
                                                                           (35, '2023-06-22 18:08:59', 3, 1),
                                                                           (36, '2023-06-22 18:10:12', 3, 9),
                                                                           (37, '2023-06-22 19:34:39', 3, 10),
                                                                           (38, '2023-06-22 19:39:32', 4, 5),
                                                                           (39, '2023-06-22 19:59:01', 4, 13),
                                                                           (40, '2023-06-22 20:16:32', 4, 7),
                                                                           (41, '2023-06-22 20:32:17', 4, 5),
                                                                           (42, '2023-06-22 20:32:37', 4, 3),
                                                                           (43, '2023-06-22 20:33:51', 4, 4),
                                                                           (44, '2023-06-23 23:00:00', 4, 1),
                                                                           (45, '2023-06-23 23:02:20', 4, 0),
                                                                           (46, '2023-06-23 23:04:53', 4, 5),
                                                                           (47, '2023-06-23 23:13:04', 4, 2),
                                                                           (48, '2023-06-25 17:59:37', 4, 0),
                                                                           (49, '2023-06-25 18:00:25', 4, 0),
                                                                           (50, '2023-06-25 18:00:57', 4, 0),
                                                                           (51, '2023-06-25 18:01:24', 4, 0),
                                                                           (52, '2023-06-25 18:46:19', 4, 0),
                                                                           (53, '2023-06-25 19:08:47', 4, 0),
                                                                           (54, '2023-06-25 19:09:34', 4, 0),
                                                                           (55, '2023-06-25 19:11:17', 4, 0),
                                                                           (56, '2023-06-25 19:11:31', 4, 0),
                                                                           (57, '2023-06-25 19:12:45', 4, 0),
                                                                           (58, '2023-06-25 19:13:00', 4, 0),
                                                                           (59, '2023-06-25 19:13:38', 4, 0),
                                                                           (60, '2023-06-25 19:15:55', 4, 0),
                                                                           (61, '2023-06-25 19:19:51', 4, 0),
                                                                           (62, '2023-06-25 19:19:57', 4, 0),
                                                                           (63, '2023-06-25 19:21:01', 4, 0),
                                                                           (64, '2023-06-25 19:21:22', 4, 1),
                                                                           (65, '2023-06-25 19:22:32', 4, 0),
                                                                           (66, '2023-06-25 19:24:59', 4, 0),
                                                                           (67, '2023-06-25 19:25:12', 4, 0),
                                                                           (68, '2023-06-25 19:26:02', 4, 0),
                                                                           (69, '2023-06-25 19:26:32', 4, 0),
                                                                           (70, '2023-06-25 19:27:51', 4, 0),
                                                                           (71, '2023-06-25 19:28:54', 4, 0),
                                                                           (72, '2023-06-25 19:29:10', 4, 0),
                                                                           (73, '2023-06-25 19:29:36', 4, 0),
                                                                           (74, '2023-06-25 19:31:11', 4, 0),
                                                                           (75, '2023-06-25 19:31:52', 4, 0),
                                                                           (76, '2023-06-25 19:32:27', 4, 0),
                                                                           (77, '2023-06-25 19:34:32', 4, 0),
                                                                           (78, '2023-06-25 19:34:41', 4, 0),
                                                                           (79, '2023-06-25 19:34:53', 4, 0),
                                                                           (80, '2023-06-25 19:36:53', 4, 0),
                                                                           (81, '2023-06-25 19:37:12', 4, 0),
                                                                           (82, '2023-06-25 19:37:31', 4, 0),
                                                                           (83, '2023-06-25 19:38:14', 4, 0),
                                                                           (84, '2023-06-25 19:38:33', 4, 1),
                                                                           (85, '2023-06-25 19:38:58', 4, 0),
                                                                           (86, '2023-06-25 19:39:28', 4, 0),
                                                                           (87, '2023-06-25 19:39:35', 4, 0),
                                                                           (88, '2023-06-25 19:40:12', 4, 0),
                                                                           (89, '2023-06-25 19:40:22', 4, 0),
                                                                           (90, '2023-06-25 19:41:02', 4, 0),
                                                                           (91, '2023-06-25 19:41:46', 4, 0),
                                                                           (92, '2023-06-25 19:42:18', 4, 0),
                                                                           (93, '2023-06-25 19:42:31', 4, 0),
                                                                           (94, '2023-06-25 19:42:40', 4, 0),
                                                                           (95, '2023-06-25 19:43:20', 4, 0),
                                                                           (96, '2023-06-25 19:44:16', 4, 1),
                                                                           (97, '2023-06-25 19:45:02', 4, 0),
                                                                           (98, '2023-06-25 19:45:12', 4, 0),
                                                                           (99, '2023-06-25 19:47:56', 4, 0),
                                                                           (100, '2023-06-25 19:51:02', 4, 0),
                                                                           (101, '2023-06-25 19:51:33', 4, 0),
                                                                           (102, '2023-06-25 19:51:42', 4, 0),
                                                                           (103, '2023-06-25 19:53:34', 4, 0),
                                                                           (104, '2023-06-25 19:54:00', 4, 0),
                                                                           (105, '2023-06-25 19:55:14', 4, 0),
                                                                           (106, '2023-06-25 19:56:43', 4, 0),
                                                                           (107, '2023-06-25 19:58:10', 4, 0),
                                                                           (108, '2023-06-25 19:59:28', 4, 0),
                                                                           (109, '2023-06-25 19:59:37', 4, 0),
                                                                           (110, '2023-06-25 20:06:08', 4, 0),
                                                                           (111, '2023-06-25 20:11:43', 4, 0),
                                                                           (112, '2023-06-25 20:29:27', 4, 0),
                                                                           (113, '2023-06-25 20:32:52', 4, 0),
                                                                           (114, '2023-06-25 20:33:59', 4, 0),
                                                                           (115, '2023-06-25 20:34:08', 4, 0),
                                                                           (116, '2023-06-25 20:53:17', 4, 0),
                                                                           (117, '2023-06-25 20:56:24', 4, 0),
                                                                           (118, '2023-06-25 20:57:29', 4, 0),
                                                                           (119, '2023-06-25 20:59:08', 4, 0),
                                                                           (120, '2023-06-25 21:01:25', 4, 0),
                                                                           (121, '2023-06-25 21:03:14', 4, 0),
                                                                           (122, '2023-06-25 21:03:46', 4, 0),
                                                                           (123, '2023-06-25 21:03:56', 4, 0),
                                                                           (124, '2023-06-25 21:04:13', 4, 0),
                                                                           (125, '2023-06-25 21:14:48', 4, 0),
                                                                           (126, '2023-06-25 21:16:21', 4, 0),
                                                                           (127, '2023-06-25 22:57:23', 5, 0),
                                                                           (128, '2023-06-25 23:17:13', 5, 0),
                                                                           (129, '2023-06-25 23:17:22', 5, 0),
                                                                           (130, '2023-06-25 23:17:29', 5, 0);

-- --------------------------------------------------------

--
-- Table structure for table `pregunta`
--

CREATE TABLE `pregunta` (
                            `id_pregunta` int(11) NOT NULL,
                            `id_categoria` int(11) NOT NULL,
                            `pregunta` varchar(255) NOT NULL,
                            `agregada` bit(1) DEFAULT b'0'
) ENGINE=InnoDB DEFAULT CHARSET=utf8mb4 COLLATE=utf8mb4_general_ci;

--
-- Dumping data for table `pregunta`
--

INSERT INTO `pregunta` (`id_pregunta`, `id_categoria`, `pregunta`, `agregada`) VALUES
                                                                                   (1, 1, '¿Qué acontecimiento histórico se conmemora el 2 de abril en Argentina?', b'1'),
                                                                                   (2, 1, '¿Quién fue el líder militar y político argentino conocido como el \"Padre de la Patria\"?', b'1'),
                                                                                   (3, 1, '¿En qué año se produjo la Revolución de Mayo en Argentina?', b'1'),
                                                                                   (4, 1, '¿En qué año cayó el Muro de Berlín?', b'1'),
                                                                                   (5, 1, '¿En qué año tuvo lugar la Revolución Francesa?', b'1'),
                                                                                   (6, 1, '¿En qué año llegó Cristóbal Colón a América?', b'1'),
                                                                                   (7, 1, '¿Qué presidente argentino estableció el sufragio femenino en 1947?', b'1'),
                                                                                   (8, 1, '¿Cuál fue el período conocido como la \"Revolución Industrial\"?', b'1'),
                                                                                   (9, 1, '¿En qué año se produjo la Declaración de Independencia de Estados Unidos?', b'1'),
                                                                                   (10, 1, '¿En que año fue la Guerra de Malvinas?', b'1'),
                                                                                   (11, 2, '¿Cuál es el país más visitado del mundo por turistas internacionales?', b'1'),
                                                                                   (12, 4, '¿Cuál es el todesier más grande del mundo?', b'1'),
                                                                                   (13, 2, '¿Cuál es el océano más grande del mundo?', b'1'),
                                                                                   (14, 2, '¿Cuál es el país más grande del mundo por área?', b'1'),
                                                                                   (15, 2, '¿Cuál es el país más poblado del mundo?', b'1'),
                                                                                   (16, 2, '¿Cuál es la montaña más alta del mundo?', b'1'),
                                                                                   (17, 2, '¿Cuál es la cadena montañosa más larga del mundo?', b'1'),
                                                                                   (18, 2, '¿Cuál es el país con la mayor cantidad de islas en el mundo?', b'1'),
                                                                                   (19, 2, '¿Cuál es el país con la mayor extensión de costa en el mundo?', b'1'),
                                                                                   (20, 2, '¿Dónde se esncuentra ubicado el Vaticano?', b'1'),
                                                                                   (21, 3, '¿Qué inventor desarrolló la primera bombilla eléctrica práctica?', b'1'),
                                                                                   (22, 3, '¿Cuál es la fórmula química del agua?', b'1'),
                                                                                   (23, 3, '¿Cuál es el proceso por el cual las plantas capturan la energía del sol?', b'1'),
                                                                                   (24, 3, '¿Qué invento revolucionario desarrolló el argentino Ángel Di Benedetto en 1948?', b'1'),
                                                                                   (25, 3, '¿Cuál es el nombre del satélite argentino que fue lanzado al espacio en 1996?', b'1'),
                                                                                   (26, 3, '¿Cuál es la unidad básica de la estructura de los seres vivos?', b'1'),
                                                                                   (27, 3, '¿Qué científico propuso la teoría de la relatividad?', b'1'),
                                                                                   (28, 3, '¿Cuál es la función principal del ADN en los seres vivos?', b'1'),
                                                                                   (29, 3, '¿Cuál es el planeta más grande del sistema solar?', b'1'),
                                                                                   (30, 3, '¿Cuál es el elemento químico más abundante en la Tierra?', b'1'),
                                                                                   (31, 4, '¿Quién pintó \"La Mona Lisa\"?', b'1'),
                                                                                   (32, 4, '¿Cuál es el movimiento artístico que se caracteriza por la representación de objetos de forma realista y detallada?', b'1'),
                                                                                   (33, 4, '¿Cuál es el nombre de la famosa escultura de Auguste Rodin que representa a un hombre pensativo?', b'1'),
                                                                                   (34, 4, '¿Quién es el autor de la obra \"La noche estrellada\"?', b'1'),
                                                                                   (35, 4, '¿Cuál es el nombre del famoso teatro de ópera ubicado en Sídney, Australia?', b'1'),
                                                                                   (36, 4, '¿Cuál es el famoso cuadro de Edvard Munch que representa una figura con una expresión de angustia?', b'1'),
                                                                                   (37, 4, '¿Cuál es el nombre del escultor italiano conocido por su obra \"David\" y \"La Pietà\"?', b'1'),
                                                                                   (38, 4, '¿Cuál es el movimiento artístico que se caracteriza por la representación de escenas de la vida cotidiana y la captura de la luz y el color en el momento?', b'1'),
                                                                                   (39, 4, '¿Cuál es el nombre del famoso arquitecto catalán conocido por sus obras modernistas, como la Sagrada Familia y el Parque Güell?', b'1'),
                                                                                   (40, 4, '¿Cuál es el nombre del famoso ballet compuesto por Tchaikovsky que cuenta la historia de una niña y su muñeco que cobra vida?', b'1'),
                                                                                   (41, 5, '¿En qué deporte se utiliza una raqueta para golpear una pelota sobre una red?', b'1'),
                                                                                   (42, 5, '¿Cuál es el deporte que se juega con un palo y una pequeña pelota en un campo de césped?', b'1'),
                                                                                   (43, 5, '¿Qué país ganó la Copa Mundial de Fútbol en 2022?', b'1'),
                                                                                   (44, 5, '¿Quién es considerado el mejor jugador de fútbol argentino de todos los tiempos?', b'1'),
                                                                                   (45, 5, '¿Cuál es el deporte que se practica en un ring y los competidores luchan usando técnicas de puñetazos y defensa?', b'1'),
                                                                                   (46, 5, '¿Cuál es el máximo título en el fútbol europeo de clubes?', b'1'),
                                                                                   (47, 5, '¿Qué deporte se juega en un campo rectangular con dos equipos de once jugadores y se utiliza una pelota para marcar goles?', b'1'),
                                                                                   (48, 5, '¿En qué deporte se premia al jugador que anota más puntos en un partido lanzando una pelota a través de un aro?', b'1'),
                                                                                   (49, 5, '¿En qué país se celebró la primera Copa del Mundo de fútbol en 1930?', b'1'),
                                                                                   (50, 5, '¿Cuál es el jugador que ha ganado más Balones de Oro en la historia?', b'1'),
                                                                                   (51, 6, '¿Cuál es el programa de televisión argentino más longevo de la historia?', b'1'),
                                                                                   (52, 6, '¿Cuál es el nombre del reconocido festival de rock que se realiza anualmente en la ciudad de Córdoba?', b'1'),
                                                                                   (53, 6, '¿Quién es el director de cine argentino ganador del Óscar por la película \"El secreto de sus ojos\"?', b'1'),
                                                                                   (54, 6, '¿Qué reconocido músico argentino es conocido como \"El Flaco\"?', b'1'),
                                                                                   (55, 6, '¿Quién interpretó el papel de Harry Potter en las películas basadas en los libros de J.K. Rowling?', b'1'),
                                                                                   (56, 6, '¿Qué cantante es conocido como \"El Rey del Pop\"?', b'1'),
                                                                                   (57, 6, '¿Cuál es la película más taquillera de todos los tiempos?', b'1'),
                                                                                   (58, 6, '¿Quién es el actor principal en la película \"El Padrino\"?', b'1'),
                                                                                   (59, 6, '¿Qué banda de rock lanzó el álbum \"Stairway to Heaven\"?', b'1'),
                                                                                   (60, 6, '¿Cuál es el título de la película ganadora del premio Oscar a la Mejor Película en 2020?', b'1'),
                                                                                   (61, 1, '¿En qué año comenzó la Segunda Guerra Mundial?', b'1'),
                                                                                   (62, 2, '¿Cuál es la capital de Francia?', b'0'),
                                                                                   (63, 2, '¿Cuál es el río más largo del mundo?', b'1'),
                                                                                   (64, 3, '¿Cuál es el símbolo químico del oro?', b'1'),
                                                                                   (67, 3, '¿Cuál es el planeta más cercano al Sol?', b'1'),
                                                                                   (68, 1, '¿Cuál es una de las Siete Maravillas del Mundo Moderno?', b'1'),
                                                                                   (69, 3, '¿Quién descubrió la radiactividad?', b'1'),
                                                                                   (70, 1, '¿Cuál fue la civilización que construyó las pirámides de Giza?', b'1'),
                                                                                   (71, 2, '¿En qué país se encuentra la Torre Eiffel?', b'1'),
                                                                                   (72, 2, '¿Cuál es el continente más grande del mundo?', b'1'),
                                                                                   (73, 1, '¿En qué año se firmó la Declaración de Independencia de los Estados Unidos?', b'1'),
                                                                                   (74, 3, '¿Quién fue el primer ser humano en viajar al espacio?', b'1'),
                                                                                   (76, 2, '¿Cuál es el país con la población más grande del mundo?', b'1'),
                                                                                   (77, 3, '¿Cuál es el metal más valioso?', b'1'),
                                                                                   (78, 1, '¿En qué año se independizaron varios países de América Latina?', b'1'),
                                                                                   (79, 3, '¿Cuál es el símbolo químico del mercurio?', b'1'),
                                                                                   (80, 4, '¿Quién pintó la obra \"La Última Cena\"?', b'1'),
                                                                                   (81, 6, '¿Cuál es el nombre del pato más famoso de Disney?', b'1'),
                                                                                   (82, 3, '¿Cuál es la estrella más cercana a la Tierra?', b'1'),
                                                                                   (83, 1, '¿Cuál es una de las maravillas del mundo antiguo?', b'1'),
                                                                                   (84, 3, '¿Quién fue la primera mujer en ganar un Premio Nobel?', b'1'),
                                                                                   (85, 1, '¿Cuál fue la civilización que dio origen a los Juegos Olímpicos?', b'1'),
                                                                                   (86, 6, '¿Cuál es el país de origen de la banda de rock \"The Beatles\"?', b'1'),
                                                                                   (87, 2, '¿Cuál es la ciudad más poblada de Australia?', b'1'),
                                                                                   (88, 3, '¿Quién formuló la teoría de la relatividad?', b'1'),
                                                                                   (89, 6, '¿Cuál es el primer libro de la saga de Harry Potter?', b'1'),
                                                                                   (90, 6, '¿Cuál es el país de origen de la marca de automóviles Volkswagen?', b'1'),
                                                                                   (91, 5, '¿En qué año se celebraron los Juegos Olímpicos de Londres?', b'1'),
                                                                                   (92, 1, '¿Quién fue el primer hombre en pisar la Luna?', b'1'),
                                                                                   (93, 2, '¿Cuál es la ciudad más poblada de Suiza?', b'1'),
                                                                                   (94, 2, '¿Cuál es la capital de Japón?', b'1'),
                                                                                   (95, 5, '¿Cuántos jugadores hay en un equipo de fútbol?', b'1'),
                                                                                   (96, 3, '¿Cuántas patas tiene un insecto típico?', b'1'),
                                                                                   (97, 2, '¿Cuál es la ciudad española famosa por la Alhambra?', b'1'),
                                                                                   (98, 6, '¿Cuál es la flor más popular en el Día de San Valentín?', b'1'),
                                                                                   (99, 2, '¿Cuál es la capital de Francia?', b'1'),
                                                                                   (100, 6, '¿Cuál es el país de origen del tango?', b'1'),
                                                                                   (101, 2, '¿Cuál es la capital de Reino Unido?', b'1'),
                                                                                   (102, 4, '¿Cuál es el país de origen de la pintora Frida Kahlo?', b'1'),
                                                                                   (103, 2, '¿Cuál es el país más poblado del mundo?', b'1'),
                                                                                   (104, 5, '¿Cuál es el deporte más popular en el mundo?', b'1'),
                                                                                   (105, 3, '¿Cuántas extremidades tiene un insecto típico?', b'1'),
                                                                                   (106, 4, '¿Cuál es el instrumento musical más popular?', b'1'),
                                                                                   (107, 3, '¿Cuántas cámaras tiene un ojo humano?', b'1'),
                                                                                   (108, 3, '¿Cuál es el cuarto planeta en el sistema solar?', b'1'),
                                                                                   (109, 5, '¿Cuál es el país de origen de Cristiano Ronaldo?', b'1'),
                                                                                   (110, 1, '¿Quién fue el segundo hombre en pisar la Luna?', b'1');

-- --------------------------------------------------------

--
-- Table structure for table `pregunta_reportada`
--

CREATE TABLE `pregunta_reportada` (
                                      `id` int(11) NOT NULL,
                                      `id_pregunta_reportada` int(11) NOT NULL,
                                      `id_motivo` int(11) NOT NULL,
                                      `id_usuario` int(11) NOT NULL,
                                      `revisada` bit(1) NOT NULL DEFAULT b'0'
) ENGINE=InnoDB DEFAULT CHARSET=utf8mb4 COLLATE=utf8mb4_general_ci;

--
-- Dumping data for table `pregunta_reportada`
--

INSERT INTO `pregunta_reportada` (`id`, `id_pregunta_reportada`, `id_motivo`, `id_usuario`, `revisada`) VALUES
                                                                                                            (1, 24, 3, 4, b'1'),
                                                                                                            (2, 106, 1, 4, b'0'),
                                                                                                            (3, 79, 2, 5, b'0'),
                                                                                                            (4, 62, 1, 5, b'1'),
                                                                                                            (5, 38, 3, 5, b'1'),
                                                                                                            (6, 12, 4, 5, b'1');

-- --------------------------------------------------------

--
-- Table structure for table `pregunta_sugerida`
--

CREATE TABLE `pregunta_sugerida` (
                                     `id_pregunta_sugerida` int(11) NOT NULL,
                                     `pregunta` varchar(255) NOT NULL,
                                     `id_categoria` int(11) NOT NULL,
                                     `respuesta1` varchar(255) NOT NULL,
                                     `respuesta2` varchar(255) NOT NULL,
                                     `respuesta3` varchar(255) NOT NULL,
                                     `respuesta4` varchar(255) NOT NULL,
                                     `correcta` varchar(255) NOT NULL,
                                     `id_usuario` int(11) NOT NULL,
                                     `id_estado` int(11) NOT NULL DEFAULT 1
) ENGINE=InnoDB DEFAULT CHARSET=utf8mb4 COLLATE=utf8mb4_general_ci;

--
-- Dumping data for table `pregunta_sugerida`
--

INSERT INTO `pregunta_sugerida` (`id_pregunta_sugerida`, `pregunta`, `id_categoria`, `respuesta1`, `respuesta2`, `respuesta3`, `respuesta4`, `correcta`, `id_usuario`, `id_estado`) VALUES
                                                                                                                                                                                        (1, '¿Quién fue el goleador del Mundial Qatar 2022?', 5, 'Kylian Mbappe', 'Lionel Messi', 'Cristiano Ronaldo', 'Luis Suárez', 'Kylian Mbappe', 4, 1),
                                                                                                                                                                                        (2, '¿Cuál de estos colores no está en la bandera de Rusia?', 2, 'Verde', 'Azul', 'Rojo', 'Blanco', 'Verde', 4, 1);

-- --------------------------------------------------------

--
-- Table structure for table `respuesta`
--

CREATE TABLE `respuesta` (
                             `id_respuesta` int(11) NOT NULL,
                             `id_pregunta` int(11) NOT NULL,
                             `respuesta` varchar(255) NOT NULL,
                             `correcta` bit(1) NOT NULL DEFAULT b'0'
) ENGINE=InnoDB DEFAULT CHARSET=utf8mb4 COLLATE=utf8mb4_general_ci;

--
-- Dumping data for table `respuesta`
--

INSERT INTO `respuesta` (`id_respuesta`, `id_pregunta`, `respuesta`, `correcta`) VALUES
                                                                                     (1, 1, 'Día de la Independencia', b'0'),
                                                                                     (2, 1, 'Día del Trabajador', b'0'),
                                                                                     (3, 1, 'Día del Veterano y de los Caídos en la Guerra de Malvinas', b'1'),
                                                                                     (4, 1, 'Día de la Revolución de Mayo', b'0'),
                                                                                     (5, 2, 'Juan Manuel de Rosas', b'0'),
                                                                                     (6, 2, 'Domingo Faustino Sarmiento', b'0'),
                                                                                     (7, 2, 'José de San Martín', b'1'),
                                                                                     (8, 2, 'Manuel Belgrano', b'0'),
                                                                                     (9, 3, '1810', b'1'),
                                                                                     (10, 3, '1816', b'0'),
                                                                                     (11, 3, '1820', b'0'),
                                                                                     (12, 3, '1830', b'0'),
                                                                                     (13, 4, '1989', b'1'),
                                                                                     (14, 4, '1991', b'0'),
                                                                                     (15, 4, '1987', b'0'),
                                                                                     (16, 4, '1993', b'0'),
                                                                                     (17, 5, '1789', b'1'),
                                                                                     (18, 5, '1848', b'0'),
                                                                                     (19, 5, '1776', b'0'),
                                                                                     (20, 5, '1914', b'0'),
                                                                                     (21, 6, '1492', b'1'),
                                                                                     (22, 6, '1776', b'0'),
                                                                                     (23, 6, '1812', b'0'),
                                                                                     (24, 6, '1533', b'0'),
                                                                                     (25, 7, ' Hipólito Yrigoyen', b'0'),
                                                                                     (26, 7, 'Juan Domingo Perón', b'1'),
                                                                                     (27, 7, 'Marcelo Torcuato de Alvear', b'0'),
                                                                                     (28, 7, 'Juan Carlos Onganía', b'0'),
                                                                                     (29, 8, 'Siglo XVII', b'0'),
                                                                                     (30, 8, 'Siglo XVIII', b'1'),
                                                                                     (31, 8, 'Siglo XIX', b'0'),
                                                                                     (32, 8, 'Siglo XX', b'0'),
                                                                                     (33, 9, '1776', b'1'),
                                                                                     (34, 9, '1789', b'0'),
                                                                                     (35, 9, '1812', b'0'),
                                                                                     (36, 9, '1865', b'0'),
                                                                                     (37, 10, '1915', b'0'),
                                                                                     (38, 10, '1857', b'0'),
                                                                                     (39, 10, '1982', b'1'),
                                                                                     (40, 10, '1990', b'0'),
                                                                                     (41, 11, 'España', b'0'),
                                                                                     (42, 11, 'Francia', b'1'),
                                                                                     (43, 11, 'Estados Unidos', b'0'),
                                                                                     (44, 11, 'Italia', b'0'),
                                                                                     (45, 12, 'Desierto del Sahara', b'1'),
                                                                                     (46, 12, 'Desierto de Gobi', b'0'),
                                                                                     (47, 12, 'Desierto de Atacama', b'0'),
                                                                                     (48, 12, 'Desierto de Kalahari', b'1'),
                                                                                     (49, 13, 'Océano Ártico', b'0'),
                                                                                     (50, 13, 'Océano Atlántico', b'0'),
                                                                                     (51, 13, 'Océano Índico', b'0'),
                                                                                     (52, 13, 'Océano Pacífico', b'1'),
                                                                                     (53, 14, 'Rusia', b'1'),
                                                                                     (54, 14, 'Canadá', b'0'),
                                                                                     (55, 14, 'China', b'0'),
                                                                                     (56, 14, 'Estados Unidos', b'0'),
                                                                                     (57, 15, 'India', b'0'),
                                                                                     (58, 15, 'Estados Unidos', b'0'),
                                                                                     (59, 15, 'China', b'1'),
                                                                                     (60, 15, 'Indonesia', b'0'),
                                                                                     (61, 16, 'Monte Kilimanjaro', b'0'),
                                                                                     (62, 16, 'Montaña K2', b'0'),
                                                                                     (63, 16, 'Montaña Denali', b'0'),
                                                                                     (64, 16, 'Monte Everest', b'1'),
                                                                                     (65, 17, 'Cordillera de los Andes', b'1'),
                                                                                     (66, 17, 'Montañas Apalaches', b'0'),
                                                                                     (67, 17, 'Himalayas', b'0'),
                                                                                     (68, 17, 'Montañas Rocosas', b'0'),
                                                                                     (69, 18, 'Japón', b'0'),
                                                                                     (70, 18, 'Indonesia', b'1'),
                                                                                     (71, 18, 'Maldivas', b'0'),
                                                                                     (72, 18, 'Filipinas', b'0'),
                                                                                     (73, 19, 'Canadá', b'1'),
                                                                                     (74, 19, 'Rusia', b'0'),
                                                                                     (75, 19, 'Estados Unidos', b'0'),
                                                                                     (76, 19, 'Australia', b'0'),
                                                                                     (77, 20, 'Lima', b'0'),
                                                                                     (78, 20, 'Roma', b'1'),
                                                                                     (79, 20, 'Paris', b'0'),
                                                                                     (80, 20, 'Madrid', b'0'),
                                                                                     (81, 21, 'Nikola Tesla', b'0'),
                                                                                     (82, 21, 'James Watt', b'0'),
                                                                                     (83, 21, ' Alexander Graham Bell', b'0'),
                                                                                     (84, 21, 'Thomas Edison', b'1'),
                                                                                     (85, 22, 'CO2', b'0'),
                                                                                     (86, 22, 'O2', b'0'),
                                                                                     (87, 22, 'H2O', b'1'),
                                                                                     (88, 22, 'NaCl', b'0'),
                                                                                     (89, 23, 'Oxidación', b'0'),
                                                                                     (90, 23, 'Respiración', b'0'),
                                                                                     (91, 23, 'Fotosíntesis', b'1'),
                                                                                     (92, 23, 'Evaporación', b'0'),
                                                                                     (93, 24, 'Pava eléctrica', b'1'),
                                                                                     (94, 24, 'Lapicera de tinta', b'0'),
                                                                                     (95, 24, 'Heladera', b'0'),
                                                                                     (96, 24, 'Televisión a color', b'0'),
                                                                                     (97, 25, 'SAC-D', b'1'),
                                                                                     (98, 25, 'Manolito II', b'0'),
                                                                                     (99, 25, 'Nahuel I-1', b'0'),
                                                                                     (100, 25, 'ARSAT-1', b'0'),
                                                                                     (101, 26, 'Célula', b'1'),
                                                                                     (102, 26, 'Átomo', b'0'),
                                                                                     (103, 26, 'Molécula', b'0'),
                                                                                     (104, 26, 'Organelo', b'0'),
                                                                                     (105, 27, 'Albert Einstein', b'1'),
                                                                                     (106, 27, 'Isaac Newton', b'0'),
                                                                                     (107, 27, 'Marie Curie', b'0'),
                                                                                     (108, 27, 'Galileo Galilei', b'0'),
                                                                                     (109, 28, 'Transportar oxígeno en la sangre', b'0'),
                                                                                     (110, 28, 'Almacenar información genética', b'1'),
                                                                                     (111, 28, 'Regular el crecimiento celular', b'0'),
                                                                                     (112, 28, 'Producir energía para el cuerpo', b'0'),
                                                                                     (113, 29, 'Marte', b'0'),
                                                                                     (114, 29, 'Júpiter', b'1'),
                                                                                     (115, 29, 'Venus', b'0'),
                                                                                     (116, 29, 'Mercurio', b'0'),
                                                                                     (117, 30, 'Oxígeno', b'1'),
                                                                                     (118, 30, 'Hierro', b'0'),
                                                                                     (119, 30, 'Carbono', b'0'),
                                                                                     (120, 30, 'Hidrógeno', b'0'),
                                                                                     (121, 31, 'Pablo Picasso', b'0'),
                                                                                     (122, 31, 'Vincent van Gogh', b'0'),
                                                                                     (123, 31, 'Salvador Dalí', b'0'),
                                                                                     (124, 31, 'Leonardo da Vinci', b'1'),
                                                                                     (125, 32, 'Surrealismo', b'0'),
                                                                                     (126, 32, 'Cubismo', b'0'),
                                                                                     (127, 32, 'Realismo', b'1'),
                                                                                     (128, 32, 'Impresionismo', b'0'),
                                                                                     (129, 33, 'El Pensador', b'1'),
                                                                                     (130, 33, 'David', b'0'),
                                                                                     (131, 33, 'La Venus de Milo', b'0'),
                                                                                     (132, 33, 'La Piedad', b'0'),
                                                                                     (133, 34, 'Vincent van Gogh', b'1'),
                                                                                     (134, 34, 'Gustav Klimt', b'0'),
                                                                                     (135, 34, 'Edvard Munch', b'0'),
                                                                                     (136, 34, 'Claude Monet', b'0'),
                                                                                     (137, 35, 'Ópera de Viena', b'0'),
                                                                                     (138, 35, 'Teatro Bolshói', b'0'),
                                                                                     (139, 35, 'Ópera de Sídney', b'1'),
                                                                                     (140, 35, 'Teatro alla Scala', b'0'),
                                                                                     (141, 36, 'El Grito', b'1'),
                                                                                     (142, 36, 'La última cena', b'0'),
                                                                                     (143, 36, 'El nacimiento de Venus', b'0'),
                                                                                     (144, 36, 'La persistencia de la memoria', b'0'),
                                                                                     (145, 37, 'Auguste Rodin', b'0'),
                                                                                     (146, 37, 'Donatello', b'0'),
                                                                                     (147, 37, 'Bernini', b'0'),
                                                                                     (148, 37, 'Michelangelo', b'1'),
                                                                                     (149, 38, 'Realismo', b'0'),
                                                                                     (150, 38, 'Renacimiento', b'0'),
                                                                                     (151, 38, 'Impresionismo', b'1'),
                                                                                     (152, 38, 'Expresionismo', b'0'),
                                                                                     (153, 39, 'Antoni Gaudí', b'1'),
                                                                                     (154, 39, 'Frank Lloyd Wright', b'0'),
                                                                                     (155, 39, 'Ludwig Mies van der Rohe', b'0'),
                                                                                     (156, 39, 'Le Corbusier', b'0'),
                                                                                     (157, 40, 'El Cascanueces', b'1'),
                                                                                     (158, 40, 'El lago de los cisnes', b'0'),
                                                                                     (159, 40, 'Romeo y Julieta', b'0'),
                                                                                     (160, 40, 'La bella durmiente', b'0'),
                                                                                     (161, 41, 'Fútbol', b'0'),
                                                                                     (162, 41, 'Tenis', b'1'),
                                                                                     (163, 41, 'Baloncesto', b'0'),
                                                                                     (164, 41, 'Golf', b'0'),
                                                                                     (165, 42, 'Hockey', b'0'),
                                                                                     (166, 42, 'Rugby', b'0'),
                                                                                     (167, 42, 'Golf', b'1'),
                                                                                     (168, 42, 'Béisbol', b'0'),
                                                                                     (169, 43, 'Argentina', b'1'),
                                                                                     (170, 43, 'Francia', b'0'),
                                                                                     (171, 43, 'Brasil', b'0'),
                                                                                     (172, 43, 'Alemania', b'0'),
                                                                                     (173, 44, 'Lionel Messi', b'0'),
                                                                                     (174, 44, 'Juan Román Riquelme', b'0'),
                                                                                     (175, 44, 'Alfredo Di Stéfano', b'0'),
                                                                                     (176, 44, 'Diego Maradona', b'1'),
                                                                                     (177, 45, 'Karate', b'0'),
                                                                                     (178, 45, 'Taekwondo', b'0'),
                                                                                     (179, 45, 'Boxeo', b'1'),
                                                                                     (180, 45, 'Lucha libre', b'0'),
                                                                                     (181, 46, 'Copa Libertadores', b'0'),
                                                                                     (182, 46, 'Copa América', b'0'),
                                                                                     (183, 46, 'UEFA Champions League', b'1'),
                                                                                     (184, 46, 'Copa del Mundo', b'0'),
                                                                                     (185, 47, 'Béisbol', b'0'),
                                                                                     (186, 47, 'Fútbol', b'1'),
                                                                                     (187, 47, 'Baloncesto', b'0'),
                                                                                     (188, 47, 'Tenis', b'0'),
                                                                                     (189, 48, 'Voleibol', b'0'),
                                                                                     (190, 48, 'Tenis', b'0'),
                                                                                     (191, 48, 'Fútbol', b'0'),
                                                                                     (192, 48, 'Basquet', b'1'),
                                                                                     (193, 49, 'Argentina', b'0'),
                                                                                     (194, 49, 'Uruguay', b'1'),
                                                                                     (195, 49, 'Italia', b'0'),
                                                                                     (196, 49, 'Brasil', b'0'),
                                                                                     (197, 50, 'Diego Maradona', b'0'),
                                                                                     (198, 50, 'Lionel Messi', b'1'),
                                                                                     (199, 50, 'Pelé', b'0'),
                                                                                     (200, 50, 'Cristiano Ronaldo', b'0'),
                                                                                     (201, 51, '\"Sábado Show\"', b'0'),
                                                                                     (202, 51, '\"Almorzando con Mirtha Legrand\"', b'1'),
                                                                                     (203, 51, '\"Showmatch\"', b'0'),
                                                                                     (204, 51, '\"Susana Giménez\"', b'0'),
                                                                                     (205, 52, 'Festival de la Velocidad', b'0'),
                                                                                     (206, 52, 'Cosquín Rock', b'1'),
                                                                                     (207, 52, 'Festival de Baradero', b'0'),
                                                                                     (208, 52, 'Lollapalooza', b'0'),
                                                                                     (209, 53, 'Juan José Campanella', b'1'),
                                                                                     (210, 53, 'Sebastian Ortega', b'0'),
                                                                                     (211, 53, 'Pablo Trapero', b'0'),
                                                                                     (212, 53, ' Luis Puenzo', b'0'),
                                                                                     (213, 54, 'Fito Páez', b'0'),
                                                                                     (214, 54, 'Charly García', b'0'),
                                                                                     (215, 54, 'Gustavo Cerati', b'0'),
                                                                                     (216, 54, 'Luis Alberto Spinetta', b'1'),
                                                                                     (217, 55, 'Emma Watson', b'0'),
                                                                                     (218, 55, 'Daniel Radcliffe', b'1'),
                                                                                     (219, 55, 'Tom Felton', b'0'),
                                                                                     (220, 55, 'Rupert Grint', b'0'),
                                                                                     (221, 56, 'Michael Jackson', b'1'),
                                                                                     (222, 56, 'Frank Sinatra', b'0'),
                                                                                     (223, 56, 'Elvis Presley', b'0'),
                                                                                     (224, 56, 'Freddie Mercury', b'0'),
                                                                                     (225, 57, 'Star Wars: El despertar de la fuerza', b'0'),
                                                                                     (226, 57, 'Avengers: Endgame', b'0'),
                                                                                     (227, 57, 'Titanic', b'0'),
                                                                                     (228, 57, 'Avatar', b'1'),
                                                                                     (229, 58, 'Al Pacino', b'1'),
                                                                                     (230, 58, 'Marlon Brando', b'0'),
                                                                                     (231, 58, 'Leonardo DiCaprio', b'0'),
                                                                                     (232, 58, 'Robert De Niro', b'0'),
                                                                                     (233, 59, 'Led Zeppelin', b'1'),
                                                                                     (234, 59, 'The Rolling Stones', b'0'),
                                                                                     (235, 59, ' Queen', b'0'),
                                                                                     (236, 59, 'The Beatles', b'0'),
                                                                                     (237, 60, 'Nomadland', b'1'),
                                                                                     (238, 60, 'Parasite', b'0'),
                                                                                     (239, 60, 'The Shape of Water', b'0'),
                                                                                     (240, 60, 'Moonlight', b'0'),
                                                                                     (241, 61, '1939', b'1'),
                                                                                     (242, 61, '1941', b'0'),
                                                                                     (243, 61, '1943', b'0'),
                                                                                     (244, 61, '1945', b'0'),
                                                                                     (245, 62, 'París', b'1'),
                                                                                     (246, 62, 'Londres', b'0'),
                                                                                     (247, 62, 'Berlín', b'0'),
                                                                                     (248, 62, 'Roma', b'0'),
                                                                                     (249, 63, 'Amazonas', b'1'),
                                                                                     (250, 63, 'Nilo', b'0'),
                                                                                     (251, 63, 'Yangtsé', b'0'),
                                                                                     (252, 63, 'Misisipi', b'0'),
                                                                                     (253, 64, 'Au', b'1'),
                                                                                     (254, 64, 'Ag', b'0'),
                                                                                     (255, 64, 'Fe', b'0'),
                                                                                     (256, 64, 'Cu', b'0'),
                                                                                     (257, 67, 'Mercurio', b'1'),
                                                                                     (258, 67, 'Venus', b'0'),
                                                                                     (259, 67, 'Marte', b'0'),
                                                                                     (260, 67, 'Júpiter', b'0'),
                                                                                     (261, 68, 'Gran Muralla China', b'1'),
                                                                                     (262, 68, 'Taj Mahal', b'0'),
                                                                                     (263, 68, 'Coliseo Romano', b'0'),
                                                                                     (264, 68, 'Estatua de Cristo Redentor', b'0'),
                                                                                     (265, 69, 'Marie Curie', b'1'),
                                                                                     (266, 69, 'Albert Einstein', b'0'),
                                                                                     (267, 69, 'Isaac Newton', b'0'),
                                                                                     (268, 69, 'Charles Darwin', b'0'),
                                                                                     (269, 70, 'Antiguo Egipto', b'1'),
                                                                                     (270, 70, 'Maya', b'0'),
                                                                                     (271, 70, 'Inca', b'0'),
                                                                                     (272, 70, 'Azteca', b'0'),
                                                                                     (273, 71, 'Francia', b'1'),
                                                                                     (274, 71, 'Italia', b'0'),
                                                                                     (275, 71, 'España', b'0'),
                                                                                     (276, 71, 'Alemania', b'0'),
                                                                                     (277, 72, 'Asia', b'1'),
                                                                                     (278, 72, 'África', b'0'),
                                                                                     (279, 72, 'Europa', b'0'),
                                                                                     (280, 72, 'América', b'0'),
                                                                                     (281, 73, '1776', b'1'),
                                                                                     (282, 73, '1789', b'0'),
                                                                                     (283, 73, '1804', b'0'),
                                                                                     (284, 73, '1820', b'0'),
                                                                                     (285, 74, 'Yuri Gagarin', b'1'),
                                                                                     (286, 74, 'Neil Armstrong', b'0'),
                                                                                     (287, 74, 'Buzz Aldrin', b'0'),
                                                                                     (288, 74, 'Alan Shepard', b'0'),
                                                                                     (293, 76, 'China', b'1'),
                                                                                     (294, 76, 'India', b'0'),
                                                                                     (295, 76, 'Estados Unidos', b'0'),
                                                                                     (296, 76, 'Brasil', b'0'),
                                                                                     (297, 77, 'Oro', b'1'),
                                                                                     (298, 77, 'Plata', b'0'),
                                                                                     (299, 77, 'Platino', b'0'),
                                                                                     (300, 77, 'Paladio', b'0'),
                                                                                     (301, 78, '1810', b'1'),
                                                                                     (302, 78, '1824', b'0'),
                                                                                     (303, 78, '1830', b'0'),
                                                                                     (304, 78, '1848', b'0'),
                                                                                     (305, 79, 'Me', b'1'),
                                                                                     (306, 79, 'Hg', b'0'),
                                                                                     (307, 79, 'Mc', b'0'),
                                                                                     (308, 79, 'Mr', b'0'),
                                                                                     (309, 80, 'Leonardo da Vinci', b'1'),
                                                                                     (310, 80, 'Pablo Picasso', b'0'),
                                                                                     (311, 80, 'Vincent van Gogh', b'0'),
                                                                                     (312, 80, 'Salvador Dalí', b'0'),
                                                                                     (313, 81, 'Mickey Mouse', b'0'),
                                                                                     (314, 81, 'Minnie Mouse', b'0'),
                                                                                     (315, 81, 'Goofy', b'0'),
                                                                                     (316, 81, 'Donald Duck', b'1'),
                                                                                     (317, 82, 'Sol', b'1'),
                                                                                     (318, 82, 'Alfa Centauri', b'0'),
                                                                                     (319, 82, 'Sirio', b'0'),
                                                                                     (320, 82, 'Betelgeuse', b'0'),
                                                                                     (321, 83, 'Pirámides de Giza', b'1'),
                                                                                     (322, 83, 'Jardines Colgantes de Babilonia', b'0'),
                                                                                     (323, 83, 'Estatua de Zeus en Olimpia', b'0'),
                                                                                     (324, 83, 'Templo de Artemisa en Éfeso', b'0'),
                                                                                     (325, 84, 'Marie Curie', b'1'),
                                                                                     (326, 84, 'Rosa Parks', b'0'),
                                                                                     (327, 84, 'Amelia Earhart', b'0'),
                                                                                     (328, 84, 'Jane Goodall', b'0'),
                                                                                     (329, 85, 'Antigua Grecia', b'1'),
                                                                                     (330, 85, 'Antiguo Egipto', b'0'),
                                                                                     (331, 85, 'Roma Imperial', b'0'),
                                                                                     (332, 85, 'Imperio Persa', b'0'),
                                                                                     (333, 86, 'Reino Unido', b'1'),
                                                                                     (334, 86, 'Estados Unidos', b'0'),
                                                                                     (335, 86, 'Australia', b'0'),
                                                                                     (336, 86, 'Canadá', b'0'),
                                                                                     (337, 87, 'Sídney', b'1'),
                                                                                     (338, 87, 'Melbourne', b'0'),
                                                                                     (339, 87, 'Brisbane', b'0'),
                                                                                     (340, 87, 'Perth', b'0'),
                                                                                     (341, 88, 'Albert Einstein', b'1'),
                                                                                     (342, 88, 'Isaac Newton', b'0'),
                                                                                     (343, 88, 'Stephen Hawking', b'0'),
                                                                                     (344, 88, 'Galileo Galilei', b'0'),
                                                                                     (345, 89, 'Harry Potter y la Piedra Filosofal', b'1'),
                                                                                     (346, 89, 'Harry Potter y la Cámara Secreta', b'0'),
                                                                                     (347, 89, 'Harry Potter y el Prisionero de Azkaban', b'0'),
                                                                                     (348, 89, 'Harry Potter y el Cáliz de Fuego', b'0'),
                                                                                     (349, 90, 'Alemania', b'1'),
                                                                                     (350, 90, 'Japón', b'0'),
                                                                                     (351, 90, 'Estados Unidos', b'0'),
                                                                                     (352, 90, 'Italia', b'0'),
                                                                                     (353, 91, '2012', b'1'),
                                                                                     (354, 91, '2008', b'0'),
                                                                                     (355, 91, '2016', b'0'),
                                                                                     (356, 91, '2020', b'0'),
                                                                                     (357, 92, 'Neil Armstrong', b'1'),
                                                                                     (358, 92, 'Buzz Aldrin', b'0'),
                                                                                     (359, 92, 'Michael Collins', b'0'),
                                                                                     (360, 92, 'Yuri Gagarin', b'0'),
                                                                                     (361, 93, 'Zúrich', b'1'),
                                                                                     (362, 93, 'Ginebra', b'0'),
                                                                                     (363, 93, 'Basilea', b'0'),
                                                                                     (364, 93, 'Berna', b'0'),
                                                                                     (365, 94, 'Tokio', b'1'),
                                                                                     (366, 94, 'Kioto', b'0'),
                                                                                     (367, 94, 'Osaka', b'0'),
                                                                                     (368, 94, 'Nagoya', b'0'),
                                                                                     (369, 95, '11', b'1'),
                                                                                     (370, 95, '10', b'0'),
                                                                                     (371, 95, '9', b'0'),
                                                                                     (372, 95, '12', b'0'),
                                                                                     (373, 96, '6', b'1'),
                                                                                     (374, 96, '8', b'0'),
                                                                                     (375, 96, '10', b'0'),
                                                                                     (376, 96, '12', b'0'),
                                                                                     (377, 97, 'Granada', b'1'),
                                                                                     (378, 97, 'Barcelona', b'0'),
                                                                                     (379, 97, 'Madrid', b'0'),
                                                                                     (380, 97, 'Sevilla', b'0'),
                                                                                     (381, 98, 'Rosa', b'1'),
                                                                                     (382, 98, 'Tulipán', b'0'),
                                                                                     (383, 98, 'Lirio', b'0'),
                                                                                     (384, 98, 'Orquídea', b'0'),
                                                                                     (385, 99, 'París', b'1'),
                                                                                     (386, 99, 'Londres', b'0'),
                                                                                     (387, 99, 'Berlín', b'0'),
                                                                                     (388, 99, 'Roma', b'0'),
                                                                                     (389, 100, 'Argentina', b'1'),
                                                                                     (390, 100, 'Brasil', b'0'),
                                                                                     (391, 100, 'España', b'0'),
                                                                                     (392, 100, 'México', b'0'),
                                                                                     (393, 101, 'Londres', b'1'),
                                                                                     (394, 101, 'Manchester', b'0'),
                                                                                     (395, 101, 'Birmingham', b'0'),
                                                                                     (396, 101, 'Glasgow', b'0'),
                                                                                     (397, 102, 'México', b'1'),
                                                                                     (398, 102, 'España', b'0'),
                                                                                     (399, 102, 'Francia', b'0'),
                                                                                     (400, 102, 'Estados Unidos', b'0'),
                                                                                     (401, 103, 'China', b'1'),
                                                                                     (402, 103, 'India', b'0'),
                                                                                     (403, 103, 'Estados Unidos', b'0'),
                                                                                     (404, 103, 'Indonesia', b'0'),
                                                                                     (405, 104, 'Fútbol (Soccer)', b'1'),
                                                                                     (406, 104, 'Baloncesto', b'0'),
                                                                                     (407, 104, 'Críquet', b'0'),
                                                                                     (408, 104, 'Tenis', b'0'),
                                                                                     (409, 105, '6', b'1'),
                                                                                     (410, 105, '8', b'0'),
                                                                                     (411, 105, '10', b'0'),
                                                                                     (412, 105, '12', b'0'),
                                                                                     (413, 106, 'Guitarra', b'1'),
                                                                                     (414, 106, 'Piano', b'0'),
                                                                                     (415, 106, 'Violín', b'0'),
                                                                                     (416, 106, 'Batería', b'0'),
                                                                                     (417, 107, '1', b'1'),
                                                                                     (418, 107, '2', b'0'),
                                                                                     (419, 107, '3', b'0'),
                                                                                     (420, 107, '4', b'0'),
                                                                                     (421, 108, 'Marte', b'1'),
                                                                                     (422, 108, 'Júpiter', b'0'),
                                                                                     (423, 108, 'Saturno', b'0'),
                                                                                     (424, 108, 'Urano', b'0'),
                                                                                     (425, 109, 'Portugal', b'1'),
                                                                                     (426, 109, 'España', b'0'),
                                                                                     (427, 109, 'Brasil', b'0'),
                                                                                     (428, 109, 'Argentina', b'0'),
                                                                                     (429, 110, 'Buzz Aldrin', b'1'),
                                                                                     (430, 110, 'Neil Armstrong', b'0'),
                                                                                     (431, 110, 'Michael Collins', b'0'),
                                                                                     (432, 110, 'Yuri Gagarin', b'0');

-- --------------------------------------------------------

--
-- Table structure for table `tipo_usuario`
--

CREATE TABLE `tipo_usuario` (
                                `id_rol` int(11) NOT NULL,
                                `rol` varchar(30) NOT NULL
) ENGINE=InnoDB DEFAULT CHARSET=utf8mb4 COLLATE=utf8mb4_general_ci;

--
-- Dumping data for table `tipo_usuario`
--

INSERT INTO `tipo_usuario` (`id_rol`, `rol`) VALUES
                                                 (1, 'JUGADOR'),
                                                 (2, 'EDITOR'),
                                                 (3, 'ADMINISTRADOR');

-- --------------------------------------------------------

--
-- Table structure for table `usuario`
--

CREATE TABLE `usuario` (
                           `id_usuario` int(11) NOT NULL,
                           `nombre` varchar(50) NOT NULL,
                           `apellido` varchar(50) NOT NULL,
                           `fecha_nac` datetime NOT NULL,
                           `genero` varchar(15) NOT NULL,
                           `ubicacion` text NOT NULL,
                           `email` varchar(255) NOT NULL,
                           `user_name` varchar(50) NOT NULL,
                           `contrasenia` varchar(255) NOT NULL,
                           `foto_perfil` varchar(255) NOT NULL,
                           `fecha_ingreso` datetime DEFAULT curdate(),
                           `id_rol` int(11) DEFAULT 1,
                           `token` varchar(13) DEFAULT NULL,
                           `verificado` bit(1) NOT NULL DEFAULT b'0'
) ENGINE=InnoDB DEFAULT CHARSET=utf8mb4 COLLATE=utf8mb4_general_ci;

--
-- Dumping data for table `usuario`
--

INSERT INTO `usuario` (`id_usuario`, `nombre`, `apellido`, `fecha_nac`, `genero`, `ubicacion`, `email`, `user_name`, `contrasenia`, `foto_perfil`, `fecha_ingreso`, `id_rol`, `token`, `verificado`) VALUES
                                                                                                                                                                                                         (1, 'Ignacio', 'Cabral', '2023-06-09 00:00:00', '2', '-34.67695878407201,-58.55087034912109', 'ignaciocabral97@gmail.com', 'igna', '$2y$10$B6tHSN90xJK5trLSJh6KUencSrG7RDnuKaaWMhsJogcadznogKATu', 'public/foto_perfil/ignadado-3.png', '2023-06-21 00:00:00', 1, '', b'0'),
                                                                                                                                                                                                         (2, 'Ignacio', 'Cabral', '2023-06-10 00:00:00', '2', '-34.68684007107988,-58.54160063476562', 'ignaciocabral97@gmail.com', 'pepo', '$2y$10$YA/fSZg1lpZTEc9JSRFTLu0WhsYVLkuW4yNTBW0EFooRoqeHlA88.', 'public/foto_perfil/pepodado-4.png', '2023-06-21 00:00:00', 1, '', b'0'),
                                                                                                                                                                                                         (3, 'Joaquinb', 'Perez', '2023-06-17 00:00:00', '2', '-34.600409491738105,-58.46229307861328', 'joako@gmail.com', 'joako123', '$2y$10$B3j/vImlizJw9INrQ7moselQDXTiOyLNcuzmMkK2XnoWmF4BU7vzC', 'public/foto_perfil/joako123dado-6.png', '2023-06-22 00:00:00', 1, '', b'0'),
                                                                                                                                                                                                         (4, 'Pedro', 'Picapiedra', '1993-06-10 00:00:00', '2', '-34.68542853084746,-58.509328295898435', 'ignaciocabral97@gmail.com', 'pedropica', '$2y$10$uDrtxNsAvfzV8ST5/6hW3OANJh3R4zPWma9maIWSXI5v9RyMjsPH2', 'public/foto_perfil/pedropicadado-4.png', '2023-06-22 00:00:00', 1, '', b'0'),
                                                                                                                                                                                                         (5, 'Alberto', 'Rodriguez', '1989-08-08 00:00:00', '2', '-34.688533887590395,-58.51241820068359', 'albert@gmail.com', 'albertEDITOR', '$2y$10$moJyFRnBueJ30e/OZNTyIekhsZtimhoqRo0sa4kibkVlq1nM9cumq', 'public/foto_perfil/albertEDITORdado-2.png', '2023-06-23 00:00:00', 2, '', b'0'),
                                                                                                                                                                                                         (6, 'Ignacio', 'Cabral', '2023-06-15 00:00:00', '2', '-34.68542853084746,-58.53919737548828', 'ignaciocabral97@gmail.com', 'asdqwe', '$2y$10$hpS/GecaKb6le0wnI5xmKuLYHb85Sm21yatJSS8Wy5zAGfKinCb8i', 'public/foto_perfil/asdqwedado-2.png', '2023-06-25 00:00:00', 1, '', b'0'),
                                                                                                                                                                                                         (7, 'Ignacio', 'Cabral', '2023-06-01 00:00:00', '1', '-34.673288291430154,-58.55533354492187', 'ignaciocabral97@gmail.com', '123zax', '$2y$10$q67uDHRWvawlRJnVrS.OQ.i2W0lT6e0ESMtShWdejzE6n6CF5kdyy', 'public/foto_perfil/123zaxdado-1.png', '2023-06-26 00:00:00', 1, NULL, b'0');

--
-- Indexes for dumped tables
--

--
-- Indexes for table `categoria`
--
ALTER TABLE `categoria`
    ADD PRIMARY KEY (`id_categoria`);

--
-- Indexes for table `estadistica`
--
ALTER TABLE `estadistica`
    ADD PRIMARY KEY (`id_estadistica`),
  ADD KEY `id_pregunta_FK` (`id_pregunta`),
  ADD KEY `id_usuario_FK` (`id_usuario`);

--
-- Indexes for table `estado`
--
ALTER TABLE `estado`
    ADD PRIMARY KEY (`id_estado`);

--
-- Indexes for table `motivo`
--
ALTER TABLE `motivo`
    ADD PRIMARY KEY (`id_motivo`);

--
-- Indexes for table `partida`
--
ALTER TABLE `partida`
    ADD PRIMARY KEY (`id_partida`),
  ADD KEY `id_usuario` (`id_usuario`);

--
-- Indexes for table `pregunta`
--
ALTER TABLE `pregunta`
    ADD PRIMARY KEY (`id_pregunta`),
  ADD KEY `id_categoria_FK` (`id_categoria`);

--
-- Indexes for table `pregunta_reportada`
--
ALTER TABLE `pregunta_reportada`
    ADD PRIMARY KEY (`id`),
  ADD KEY `FK_ID_PREGUNTA` (`id_pregunta_reportada`),
  ADD KEY `FK_USUARIO_REPORT` (`id_usuario`),
  ADD KEY `ID_MOTIVO_FK` (`id_motivo`);

--
-- Indexes for table `pregunta_sugerida`
--
ALTER TABLE `pregunta_sugerida`
    ADD PRIMARY KEY (`id_pregunta_sugerida`),
  ADD KEY `ID_ESTADO_FK` (`id_estado`),
  ADD KEY `usuario_id_FOREIGN_KEY` (`id_usuario`),
  ADD KEY `categoria_id_FK` (`id_categoria`);

--
-- Indexes for table `respuesta`
--
ALTER TABLE `respuesta`
    ADD PRIMARY KEY (`id_respuesta`),
  ADD KEY `id_pregunta` (`id_pregunta`);

--
-- Indexes for table `tipo_usuario`
--
ALTER TABLE `tipo_usuario`
    ADD PRIMARY KEY (`id_rol`);

--
-- Indexes for table `usuario`
--
ALTER TABLE `usuario`
    ADD PRIMARY KEY (`id_usuario`),
  ADD KEY `id_rol` (`id_rol`);

--
-- AUTO_INCREMENT for dumped tables
--

--
-- AUTO_INCREMENT for table `estadistica`
--
ALTER TABLE `estadistica`
    MODIFY `id_estadistica` int(11) NOT NULL AUTO_INCREMENT, AUTO_INCREMENT=214;

--
-- AUTO_INCREMENT for table `estado`
--
ALTER TABLE `estado`
    MODIFY `id_estado` int(11) NOT NULL AUTO_INCREMENT, AUTO_INCREMENT=4;

--
-- AUTO_INCREMENT for table `motivo`
--
ALTER TABLE `motivo`
    MODIFY `id_motivo` int(11) NOT NULL AUTO_INCREMENT, AUTO_INCREMENT=5;

--
-- AUTO_INCREMENT for table `partida`
--
ALTER TABLE `partida`
    MODIFY `id_partida` int(11) NOT NULL AUTO_INCREMENT, AUTO_INCREMENT=131;

--
-- AUTO_INCREMENT for table `pregunta`
--
ALTER TABLE `pregunta`
    MODIFY `id_pregunta` int(11) NOT NULL AUTO_INCREMENT, AUTO_INCREMENT=693;

--
-- AUTO_INCREMENT for table `pregunta_reportada`
--
ALTER TABLE `pregunta_reportada`
    MODIFY `id` int(11) NOT NULL AUTO_INCREMENT, AUTO_INCREMENT=7;

--
-- AUTO_INCREMENT for table `pregunta_sugerida`
--
ALTER TABLE `pregunta_sugerida`
    MODIFY `id_pregunta_sugerida` int(11) NOT NULL AUTO_INCREMENT, AUTO_INCREMENT=3;

--
-- AUTO_INCREMENT for table `respuesta`
--
ALTER TABLE `respuesta`
    MODIFY `id_respuesta` int(11) NOT NULL AUTO_INCREMENT, AUTO_INCREMENT=573;

--
-- AUTO_INCREMENT for table `tipo_usuario`
--
ALTER TABLE `tipo_usuario`
    MODIFY `id_rol` int(11) NOT NULL AUTO_INCREMENT, AUTO_INCREMENT=4;

--
-- AUTO_INCREMENT for table `usuario`
--
ALTER TABLE `usuario`
    MODIFY `id_usuario` int(11) NOT NULL AUTO_INCREMENT, AUTO_INCREMENT=8;

--
-- Constraints for dumped tables
--

--
-- Constraints for table `estadistica`
--
ALTER TABLE `estadistica`
    ADD CONSTRAINT `id_pregunta_FK` FOREIGN KEY (`id_pregunta`) REFERENCES `pregunta` (`id_pregunta`),
  ADD CONSTRAINT `id_usuario_FK` FOREIGN KEY (`id_usuario`) REFERENCES `usuario` (`id_usuario`);

--
-- Constraints for table `partida`
--
ALTER TABLE `partida`
    ADD CONSTRAINT `partida_ibfk_1` FOREIGN KEY (`id_usuario`) REFERENCES `usuario` (`id_usuario`);

--
-- Constraints for table `pregunta`
--
ALTER TABLE `pregunta`
    ADD CONSTRAINT `id_categoria_FK` FOREIGN KEY (`id_categoria`) REFERENCES `categoria` (`id_categoria`);

--
-- Constraints for table `pregunta_reportada`
--
ALTER TABLE `pregunta_reportada`
    ADD CONSTRAINT `FK_ID_PREGUNTA` FOREIGN KEY (`id_pregunta_reportada`) REFERENCES `pregunta` (`id_pregunta`),
  ADD CONSTRAINT `FK_USUARIO_REPORT` FOREIGN KEY (`id_usuario`) REFERENCES `usuario` (`id_usuario`),
  ADD CONSTRAINT `ID_MOTIVO_FK` FOREIGN KEY (`id_motivo`) REFERENCES `motivo` (`id_motivo`);

--
-- Constraints for table `pregunta_sugerida`
--
ALTER TABLE `pregunta_sugerida`
    ADD CONSTRAINT `ID_ESTADO_FK` FOREIGN KEY (`id_estado`) REFERENCES `estado` (`id_estado`),
  ADD CONSTRAINT `categoria_id_FK` FOREIGN KEY (`id_categoria`) REFERENCES `categoria` (`id_categoria`),
  ADD CONSTRAINT `usuario_id_FOREIGN_KEY` FOREIGN KEY (`id_usuario`) REFERENCES `usuario` (`id_usuario`);

--
-- Constraints for table `respuesta`
--
ALTER TABLE `respuesta`
    ADD CONSTRAINT `respuesta_ibfk_1` FOREIGN KEY (`id_pregunta`) REFERENCES `pregunta` (`id_pregunta`);

--
-- Constraints for table `usuario`
--
ALTER TABLE `usuario`
    ADD CONSTRAINT `usuario_ibfk_1` FOREIGN KEY (`id_rol`) REFERENCES `tipo_usuario` (`id_rol`);
COMMIT;

/*!40101 SET CHARACTER_SET_CLIENT=@OLD_CHARACTER_SET_CLIENT */;
/*!40101 SET CHARACTER_SET_RESULTS=@OLD_CHARACTER_SET_RESULTS */;
/*!40101 SET COLLATION_CONNECTION=@OLD_COLLATION_CONNECTION */;
